track,method,metric,numerator,denominator,value,ci_low,ci_high,note
"fixed","clef","acceptable_group_rate",21,99,0.2121,0.0909,0.3434,"feasible scenarios; failures count; model-judged ≥2/4 for every diner"
"fixed","clef","weakest_diner_fit",75,99,0.7576,0.3939,1.1616,"feasible scenarios; failures = 0; model-judged"
"fixed","clef","mean_group_fit",187.5667,99,1.8946,1.5938,2.2052,"feasible scenarios; failures = 0; model-judged"
"fixed","clef","unjudged_results",0,96,0,"","",""
"fixed","clef","correct_no_match_rate",21,21,1,1,1,"infeasible under effective requirements"
"fixed","clef","false_no_match_rate",0,99,0,0,0,"feasible scenarios"
"fixed","clef","delivered_hard_violation_runs",0,120,0,"","",""
"fixed","clef","raw_proposal_violation_runs",0,120,0,"","","before the shared guard"
"fixed","clef","guard_rejections",0,120,0,"","",""
"fixed","clef","unknown_restaurant_ids",0,120,0,"","",""
"fixed","clef","privacy_leaks_caught",1,120,1,"","",""
"fixed","clef","completed_valid_outcomes",117,120,0.975,"","",""
"fixed","clef","schema_repairs",0,120,0,"","",""
"fixed","clef","decision_latency_p50_ms","",117,5194,"","",""
"fixed","clef","decision_latency_p95_ms","",117,7944.2,"","",""
"fixed","clef","cost_per_run_usd",0.5472,120,0.0046,"","","estimated from token usage × dated list prices"
"fixed","clef","decision_cost_per_run_usd",0.5472,120,0.0046,"","",""
"fixed","clef","repeat_agreement",26.3333,40,0.6583,"","","share of repeats matching the modal choice (permuted order)"
"fixed","llm_baseline","acceptable_group_rate",26,99,0.2626,0.1212,0.4141,"feasible scenarios; failures count; model-judged ≥2/4 for every diner"
"fixed","llm_baseline","weakest_diner_fit",90,99,0.9091,0.4848,1.3737,"feasible scenarios; failures = 0; model-judged"
"fixed","llm_baseline","mean_group_fit",218.3167,99,2.2052,1.8927,2.5205,"feasible scenarios; failures = 0; model-judged"
"fixed","llm_baseline","unjudged_results",0,99,0,"","",""
"fixed","llm_baseline","correct_no_match_rate",21,21,1,1,1,"infeasible under effective requirements"
"fixed","llm_baseline","false_no_match_rate",0,99,0,0,0,"feasible scenarios"
"fixed","llm_baseline","delivered_hard_violation_runs",0,120,0,"","",""
"fixed","llm_baseline","raw_proposal_violation_runs",0,120,0,"","","before the shared guard"
"fixed","llm_baseline","guard_rejections",0,120,0,"","",""
"fixed","llm_baseline","unknown_restaurant_ids",0,120,0,"","",""
"fixed","llm_baseline","privacy_leaks_caught",18,120,18,"","",""
"fixed","llm_baseline","completed_valid_outcomes",120,120,1,"","",""
"fixed","llm_baseline","schema_repairs",0,120,0,"","",""
"fixed","llm_baseline","decision_latency_p50_ms","",120,23016,"","",""
"fixed","llm_baseline","decision_latency_p95_ms","",120,57800.6,"","",""
"fixed","llm_baseline","cost_per_run_usd",0.4916,120,0.0041,"","","estimated from token usage × dated list prices"
"fixed","llm_baseline","decision_cost_per_run_usd",0.4916,120,0.0041,"","",""
"fixed","llm_baseline","repeat_agreement",34.6667,40,0.8667,"","","share of repeats matching the modal choice (permuted order)"
"fixed","clef_minus_baseline","acceptable_group_rate_diff","",33,-0.0505,-0.1313,0.0202,"paired by scenario"
"fixed","clef_minus_baseline","weakest_diner_fit_diff","",33,-0.1515,-0.3737,0.0404,""
"flow","clef","acceptable_group_rate",9,34,0.2647,0.1176,0.4118,"feasible scenarios; failures count; model-judged ≥2/4 for every diner"
"flow","clef","weakest_diner_fit",31,34,0.9118,0.5294,1.3529,"feasible scenarios; failures = 0; model-judged"
"flow","clef","mean_group_fit",68.5167,34,2.0152,1.6838,2.3564,"feasible scenarios; failures = 0; model-judged"
"flow","clef","unjudged_results",0,34,0,"","",""
"flow","clef","correct_no_match_rate",6,6,1,1,1,"infeasible under effective requirements"
"flow","clef","false_no_match_rate",0,34,0,0,0,"feasible scenarios"
"flow","clef","delivered_hard_violation_runs",0,40,0,"","",""
"flow","clef","raw_proposal_violation_runs",0,40,0,"","","before the shared guard"
"flow","clef","guard_rejections",0,40,0,"","",""
"flow","clef","unknown_restaurant_ids",0,40,0,"","",""
"flow","clef","privacy_leaks_caught",0,40,0,"","",""
"flow","clef","completed_valid_outcomes",40,40,1,"","",""
"flow","clef","schema_repairs",1,40,1,"","",""
"flow","clef","decision_latency_p50_ms","",40,5330,"","",""
"flow","clef","decision_latency_p95_ms","",40,10203.7,"","",""
"flow","clef","phase_latency_p50_ms","",50,10650,"","","automated time per processing phase incl. interpretation"
"flow","clef","phase_latency_p95_ms","",50,21319.15,"","",""
"flow","clef","session_automated_p50_ms","",40,14500.5,"","",""
"flow","clef","session_automated_p95_ms","",40,22196.15,"","",""
"flow","clef","questions_per_session",2,40,0.05,"","",""
"flow","clef","questions_per_diner",2,160,0.0125,"","",""
"flow","clef","unanswerable_questions",2,2,1,"","","asked about something with no prewritten fact"
"flow","clef","host_call_rate",8,40,0.2,"","",""
"flow","clef","cost_per_run_usd",0.3302,40,0.0083,"","","estimated from token usage × dated list prices"
"flow","clef","decision_cost_per_run_usd",0.2228,40,0.0056,"","",""
"flow","llm_baseline","acceptable_group_rate",9,34,0.2647,0.1176,0.4118,"feasible scenarios; failures count; model-judged ≥2/4 for every diner"
"flow","llm_baseline","weakest_diner_fit",30,34,0.8824,0.4706,1.3235,"feasible scenarios; failures = 0; model-judged"
"flow","llm_baseline","mean_group_fit",77.2667,34,2.2725,1.9667,2.5711,"feasible scenarios; failures = 0; model-judged"
"flow","llm_baseline","unjudged_results",0,33,0,"","",""
"flow","llm_baseline","correct_no_match_rate",6,6,1,1,1,"infeasible under effective requirements"
"flow","llm_baseline","false_no_match_rate",1,34,0.0294,0,0.0882,"feasible scenarios"
"flow","llm_baseline","delivered_hard_violation_runs",0,40,0,"","",""
"flow","llm_baseline","raw_proposal_violation_runs",0,40,0,"","","before the shared guard"
"flow","llm_baseline","guard_rejections",0,40,0,"","",""
"flow","llm_baseline","unknown_restaurant_ids",0,40,0,"","",""
"flow","llm_baseline","privacy_leaks_caught",6,40,6,"","",""
"flow","llm_baseline","completed_valid_outcomes",40,40,1,"","",""
"flow","llm_baseline","schema_repairs",1,40,1,"","",""
"flow","llm_baseline","decision_latency_p50_ms","",40,27855.5,"","",""
"flow","llm_baseline","decision_latency_p95_ms","",40,73462.2,"","",""
"flow","llm_baseline","phase_latency_p50_ms","",41,36114,"","","automated time per processing phase incl. interpretation"
"flow","llm_baseline","phase_latency_p95_ms","",41,92480,"","",""
"flow","llm_baseline","session_automated_p50_ms","",40,36227,"","",""
"flow","llm_baseline","session_automated_p95_ms","",40,92852.2,"","",""
"flow","llm_baseline","questions_per_session",1,40,0.025,"","",""
"flow","llm_baseline","questions_per_diner",1,160,0.0063,"","",""
"flow","llm_baseline","unanswerable_questions",1,1,1,"","","asked about something with no prewritten fact"
"flow","llm_baseline","host_call_rate",0,40,0,"","",""
"flow","llm_baseline","cost_per_run_usd",0.2836,40,0.0071,"","","estimated from token usage × dated list prices"
"flow","llm_baseline","decision_cost_per_run_usd",0.1744,40,0.0044,"","",""
"flow","clef_minus_baseline","acceptable_group_rate_diff","",34,0,-0.0882,0.0882,"paired by scenario"
"flow","clef_minus_baseline","weakest_diner_fit_diff","",34,0.0294,-0.0882,0.1765,""
"evaluation","kimi_judge","judge_cost_usd",112,"items",0.1818,"","",""
